num_training_step_calls_per_iteration,num_env_steps_sampled_lifetime,num_env_steps_sampled_lifetime_throughput,done,training_iteration,trial_id,date,timestamp,time_this_iter_s,time_total_s,pid,hostname,node_ip,time_since_restore,iterations_since_restore,timing/iter_minutes,timing/avg_minutes_per_iter,timing/total_hours_elapsed,timers/training_iteration,timers/restore_env_runners,timers/training_step,timers/env_runner_sampling_timer,timers/learner_update_timer,timers/synch_weights,env_runners/connector_pipeline_timer,env_runners/num_episodes,env_runners/env_reset_timer,env_runners/episode_return_max,env_runners/num_episodes_lifetime,env_runners/env_step_timer,env_runners/episode_return_min,env_runners/episode_length,env_runners/rlmodule_inference_timer,env_runners/episode_return_mean,env_runners/weights_seq_no,env_runners/num_env_steps_sampled_lifetime,env_runners/episode_len_max,env_runners/num_env_steps_sampled,env_runners/env_to_module_sum_episodes_length_out,env_runners/env_to_module_sum_episodes_length_in,env_runners/sample,env_runners/episode_len_mean,env_runners/episode_len_min,env_runners/episode_duration_sec_mean,env_runners/num_env_steps_sampled_lifetime_throughput,fault_tolerance/num_healthy_workers,fault_tolerance/num_remote_worker_restarts,env_runner_group/actor_manager_num_outstanding_async_reqs,perf/cpu_util_percent,perf/ram_util_percent,perf/gpu_util_percent0,perf/vram_util_percent0,env_runners/num_agent_steps_sampled_lifetime/speed_2_prey_2,env_runners/num_agent_steps_sampled_lifetime/speed_1_prey_5,env_runners/num_agent_steps_sampled_lifetime/speed_1_prey_2,env_runners/num_agent_steps_sampled_lifetime/speed_1_predator_0,env_runners/num_agent_steps_sampled_lifetime/speed_2_predator_2,env_runners/num_agent_steps_sampled_lifetime/speed_1_prey_7,env_runners/num_agent_steps_sampled_lifetime/speed_2_prey_5,env_runners/num_agent_steps_sampled_lifetime/speed_1_prey_3,env_runners/num_agent_steps_sampled_lifetime/speed_1_prey_6,env_runners/num_agent_steps_sampled_lifetime/speed_2_prey_3,env_runners/num_agent_steps_sampled_lifetime/speed_1_predator_2,env_runners/num_agent_steps_sampled_lifetime/speed_2_prey_0,env_runners/num_agent_steps_sampled_lifetime/speed_1_predator_4,env_runners/num_agent_steps_sampled_lifetime/speed_1_prey_8,env_runners/num_agent_steps_sampled_lifetime/speed_2_predator_0,env_runners/num_agent_steps_sampled_lifetime/speed_2_prey_4,env_runners/num_agent_steps_sampled_lifetime/speed_2_predator_3,env_runners/num_agent_steps_sampled_lifetime/speed_1_prey_9,env_runners/num_agent_steps_sampled_lifetime/speed_1_prey_1,env_runners/num_agent_steps_sampled_lifetime/speed_1_prey_0,env_runners/num_agent_steps_sampled_lifetime/speed_1_predator_1,env_runners/num_agent_steps_sampled_lifetime/speed_1_predator_3,env_runners/num_agent_steps_sampled_lifetime/speed_2_predator_1,env_runners/num_agent_steps_sampled_lifetime/speed_2_prey_1,env_runners/num_agent_steps_sampled_lifetime/speed_1_prey_4,env_runners/agent_episode_returns_mean/speed_1_prey_2,env_runners/agent_episode_returns_mean/speed_1_prey_1,env_runners/agent_episode_returns_mean/speed_1_predator_1,env_runners/agent_episode_returns_mean/speed_2_predator_1,env_runners/agent_episode_returns_mean/speed_1_prey_7,env_runners/agent_episode_returns_mean/speed_2_prey_1,env_runners/agent_episode_returns_mean/speed_1_prey_4,env_runners/agent_episode_returns_mean/speed_1_prey_5,env_runners/agent_episode_returns_mean/speed_1_predator_0,env_runners/agent_episode_returns_mean/speed_2_predator_2,env_runners/agent_episode_returns_mean/speed_2_prey_5,env_runners/agent_episode_returns_mean/speed_1_prey_3,env_runners/agent_episode_returns_mean/speed_1_prey_6,env_runners/agent_episode_returns_mean/speed_2_prey_3,env_runners/agent_episode_returns_mean/speed_1_predator_2,env_runners/agent_episode_returns_mean/speed_2_prey_0,env_runners/agent_episode_returns_mean/speed_1_predator_4,env_runners/agent_episode_returns_mean/speed_1_prey_9,env_runners/agent_episode_returns_mean/speed_1_prey_8,env_runners/agent_episode_returns_mean/speed_1_prey_0,env_runners/agent_episode_returns_mean/speed_2_predator_0,env_runners/agent_episode_returns_mean/speed_1_predator_3,env_runners/agent_episode_returns_mean/speed_2_prey_4,env_runners/agent_episode_returns_mean/speed_2_predator_3,env_runners/agent_episode_returns_mean/speed_2_prey_2,env_runners/env_to_module_connector/connector_pipeline_timer,env_runners/num_agent_steps_sampled/speed_1_prey_9,env_runners/num_agent_steps_sampled/speed_1_prey_1,env_runners/num_agent_steps_sampled/speed_1_prey_0,env_runners/num_agent_steps_sampled/speed_1_predator_1,env_runners/num_agent_steps_sampled/speed_1_predator_3,env_runners/num_agent_steps_sampled/speed_2_predator_1,env_runners/num_agent_steps_sampled/speed_2_prey_1,env_runners/num_agent_steps_sampled/speed_1_prey_4,env_runners/num_agent_steps_sampled/speed_2_prey_2,env_runners/num_agent_steps_sampled/speed_1_prey_5,env_runners/num_agent_steps_sampled/speed_1_prey_2,env_runners/num_agent_steps_sampled/speed_1_predator_0,env_runners/num_agent_steps_sampled/speed_2_predator_2,env_runners/num_agent_steps_sampled/speed_1_prey_7,env_runners/num_agent_steps_sampled/speed_2_prey_5,env_runners/num_agent_steps_sampled/speed_1_prey_3,env_runners/num_agent_steps_sampled/speed_1_prey_6,env_runners/num_agent_steps_sampled/speed_2_prey_3,env_runners/num_agent_steps_sampled/speed_1_predator_2,env_runners/num_agent_steps_sampled/speed_1_predator_4,env_runners/num_agent_steps_sampled/speed_1_prey_8,env_runners/num_agent_steps_sampled/speed_2_predator_0,env_runners/num_agent_steps_sampled/speed_2_prey_4,env_runners/num_agent_steps_sampled/speed_2_predator_3,env_runners/num_agent_steps_sampled/speed_2_prey_0,env_runners/agent_steps/speed_1_prey_9,env_runners/agent_steps/speed_1_prey_1,env_runners/agent_steps/speed_1_prey_0,env_runners/agent_steps/speed_1_predator_1,env_runners/agent_steps/speed_1_predator_3,env_runners/agent_steps/speed_1_prey_4,env_runners/agent_steps/speed_2_prey_2,env_runners/agent_steps/speed_1_prey_5,env_runners/agent_steps/speed_1_prey_2,env_runners/agent_steps/speed_2_predator_2,env_runners/agent_steps/speed_2_predator_1,env_runners/agent_steps/speed_1_prey_7,env_runners/agent_steps/speed_2_prey_1,env_runners/agent_steps/speed_2_prey_5,env_runners/agent_steps/speed_2_prey_3,env_runners/agent_steps/speed_1_predator_2,env_runners/agent_steps/speed_1_predator_0,env_runners/agent_steps/speed_1_predator_4,env_runners/agent_steps/speed_1_prey_3,env_runners/agent_steps/speed_1_prey_6,env_runners/agent_steps/speed_1_prey_8,env_runners/agent_steps/speed_2_predator_0,env_runners/agent_steps/speed_2_prey_4,env_runners/agent_steps/speed_2_predator_3,env_runners/agent_steps/speed_2_prey_0,env_runners/num_module_steps_sampled/speed_2_prey,env_runners/num_module_steps_sampled/speed_1_prey,env_runners/num_module_steps_sampled/speed_2_predator,env_runners/num_module_steps_sampled/speed_1_predator,env_runners/module_episode_returns_mean/speed_2_predator,env_runners/module_episode_returns_mean/speed_2_prey,env_runners/module_episode_returns_mean/speed_1_prey,env_runners/module_episode_returns_mean/speed_1_predator,env_runners/module_to_env_connector/connector_pipeline_timer,env_runners/num_module_steps_sampled_lifetime/speed_2_predator,env_runners/num_module_steps_sampled_lifetime/speed_2_prey,env_runners/num_module_steps_sampled_lifetime/speed_1_prey,env_runners/num_module_steps_sampled_lifetime/speed_1_predator,learners/speed_1_predator/num_trainable_parameters,learners/speed_1_predator/module_train_batch_size_mean,learners/speed_1_predator/vf_loss_unclipped,learners/speed_1_predator/policy_loss,learners/speed_1_predator/entropy,learners/speed_1_predator/curr_entropy_coeff,learners/speed_1_predator/curr_kl_coeff,learners/speed_1_predator/weights_seq_no,learners/speed_1_predator/total_loss,learners/speed_1_predator/gradients_default_optimizer_global_norm,learners/speed_1_predator/diff_num_grad_updates_vs_sampler_policy,learners/speed_1_predator/vf_loss,learners/speed_1_predator/num_module_steps_trained_lifetime,learners/speed_1_predator/mean_kl_loss,learners/speed_1_predator/vf_explained_var,learners/speed_1_predator/num_module_steps_trained,learners/speed_1_predator/default_optimizer_learning_rate,learners/__all_modules__/learner_connector_sum_episodes_length_out,learners/__all_modules__/num_non_trainable_parameters,learners/__all_modules__/num_module_steps_trained_lifetime,learners/__all_modules__/learner_connector_sum_episodes_length_in,learners/__all_modules__/num_module_steps_trained,learners/__all_modules__/num_trainable_parameters,learners/__all_modules__/num_env_steps_trained_lifetime,learners/__all_modules__/num_env_steps_trained,learners/__all_modules__/num_env_steps_trained_lifetime_throughput,learners/speed_2_predator/num_module_steps_trained_lifetime,learners/speed_2_predator/mean_kl_loss,learners/speed_2_predator/vf_explained_var,learners/speed_2_predator/num_module_steps_trained,learners/speed_2_predator/num_trainable_parameters,learners/speed_2_predator/module_train_batch_size_mean,learners/speed_2_predator/vf_loss_unclipped,learners/speed_2_predator/policy_loss,learners/speed_2_predator/entropy,learners/speed_2_predator/curr_entropy_coeff,learners/speed_2_predator/curr_kl_coeff,learners/speed_2_predator/weights_seq_no,learners/speed_2_predator/total_loss,learners/speed_2_predator/gradients_default_optimizer_global_norm,learners/speed_2_predator/default_optimizer_learning_rate,learners/speed_2_predator/diff_num_grad_updates_vs_sampler_policy,learners/speed_2_predator/vf_loss,learners/speed_2_prey/vf_explained_var,learners/speed_2_prey/policy_loss,learners/speed_2_prey/entropy,learners/speed_2_prey/curr_kl_coeff,learners/speed_2_prey/weights_seq_no,learners/speed_2_prey/total_loss,learners/speed_2_prey/curr_entropy_coeff,learners/speed_2_prey/gradients_default_optimizer_global_norm,learners/speed_2_prey/diff_num_grad_updates_vs_sampler_policy,learners/speed_2_prey/vf_loss,learners/speed_2_prey/num_module_steps_trained,learners/speed_2_prey/default_optimizer_learning_rate,learners/speed_2_prey/num_trainable_parameters,learners/speed_2_prey/num_module_steps_trained_lifetime,learners/speed_2_prey/mean_kl_loss,learners/speed_2_prey/module_train_batch_size_mean,learners/speed_2_prey/vf_loss_unclipped,learners/speed_1_prey/policy_loss,learners/speed_1_prey/entropy,learners/speed_1_prey/curr_entropy_coeff,learners/speed_1_prey/curr_kl_coeff,learners/speed_1_prey/weights_seq_no,learners/speed_1_prey/total_loss,learners/speed_1_prey/gradients_default_optimizer_global_norm,learners/speed_1_prey/diff_num_grad_updates_vs_sampler_policy,learners/speed_1_prey/vf_loss,learners/speed_1_prey/num_module_steps_trained_lifetime,learners/speed_1_prey/vf_explained_var,learners/speed_1_prey/num_module_steps_trained,learners/speed_1_prey/default_optimizer_learning_rate,learners/speed_1_prey/num_trainable_parameters,learners/speed_1_prey/mean_kl_loss,learners/speed_1_prey/module_train_batch_size_mean,learners/speed_1_prey/vf_loss_unclipped,env_runners/timers/connectors/add_observations_from_episodes_to_batch,env_runners/timers/connectors/add_time_dim_to_batch_and_zero_pad,env_runners/timers/connectors/agent_to_module_mapping,env_runners/timers/connectors/numpy_to_tensor,env_runners/timers/connectors/batch_individual_items,env_runners/timers/connectors/add_states_from_episodes_to_batch,learners/__all_modules__/learner_connector/connector_pipeline_timer,env_runners/env_to_module_connector/timers/connectors/batch_individual_items,env_runners/env_to_module_connector/timers/connectors/add_states_from_episodes_to_batch,env_runners/env_to_module_connector/timers/connectors/add_observations_from_episodes_to_batch,env_runners/env_to_module_connector/timers/connectors/add_time_dim_to_batch_and_zero_pad,env_runners/env_to_module_connector/timers/connectors/agent_to_module_mapping,env_runners/env_to_module_connector/timers/connectors/numpy_to_tensor,env_runners/module_to_env_connector/timers/connectors/module_to_agent_unmapping,env_runners/module_to_env_connector/timers/connectors/tensor_to_numpy,env_runners/module_to_env_connector/timers/connectors/listify_data_for_vector_env,env_runners/module_to_env_connector/timers/connectors/un_batch_to_individual_items,env_runners/module_to_env_connector/timers/connectors/get_actions,env_runners/module_to_env_connector/timers/connectors/remove_single_ts_time_rank_from_batch,env_runners/module_to_env_connector/timers/connectors/normalize_and_clip_actions,learners/__all_modules__/learner_connector/timers/connectors/batch_individual_items,learners/__all_modules__/learner_connector/timers/connectors/add_states_from_episodes_to_batch,learners/__all_modules__/learner_connector/timers/connectors/general_advantage_estimation,learners/__all_modules__/learner_connector/timers/connectors/add_columns_from_episodes_to_train_batch,learners/__all_modules__/learner_connector/timers/connectors/add_one_ts_to_episodes_and_truncate,learners/__all_modules__/learner_connector/timers/connectors/add_observations_from_episodes_to_batch,learners/__all_modules__/learner_connector/timers/connectors/add_time_dim_to_batch_and_zero_pad,learners/__all_modules__/learner_connector/timers/connectors/agent_to_module_mapping,learners/__all_modules__/learner_connector/timers/connectors/numpy_to_tensor
1,1024,nan,False,1,e1a9a_00000,2025-04-28_19-16-28,1745892988,23.862523555755615,23.862523555755615,22224,bocchi,172.31.84.7,23.862523555755615,1,0.5190902551015218,0.5190902551015218,0.008651504251692031,23.154309026000192,1.2433999927452533e-05,23.154175748999933,1.1146069820001685,22.029542643999775,0.00755895700012843,0.0005534144999046475,8,0.0015773890000900792,60.0,8,0.002624124597380928,0.0,79.53,0.0033700102744441147,22.5,0.0,1024,123,1024,62.74745409789266,62.74745409789266,0.9458658477500421,93.25,61,0.6651598614999443,nan,4,0,0,9.684375,40.728125,0.3103125,0.15725248330890734,706,684,637,621,712,42,458,594,44,559,613,694,34,23,623,753,793,2,582,480,765,598,565,528,616,0.0,2.5,1.25,0.0,0.0,0.0,0.0,2.5,0.0,0.0,1.25,1.25,0.0,0.0,0.0,0.0,0.0,0.0,0.0,5.0,0.0,0.0,7.5,1.25,0.0,0.0003171093636714275,2,582,480,765,598,565,528,616,706,684,637,621,712,42,458,594,44,559,613,34,23,623,753,793,694,1.0,48.625,44.375,64.375,46.25,65.5,62.625,59.125,58.25,58.0,40.5,41.0,49.125,38.0,39.375,49.875,49.125,34.0,48.75,43.0,22.0,44.625,73.0,68.625,61.25,3698,3704,2693,2631,1.25,1.25,2.5,0.0,0.0012663202352916755,2693,3698,3704,2631,66250,128.0,0.6372925639152527,-0.052799977362155914,2.192376136779785,0.0,0.20000000298023224,1.0,0.02758336067199707,0.021304504945874214,1.0,0.07936525344848633,114816,0.005090388003736734,-0.001694321632385254,114816,0.0003,1024,0,459264,1024,459264,341960,918528,918528,nan,114816,0.01654306799173355,2.1576881408691406e-05,114816,94938,128.0,2.595705509185791,-0.2959398925304413,3.2019238471984863,0.0,0.20000000298023224,1.0,0.02736896090209484,0.041100431233644485,0.0003,1.0,0.32000023126602173,5.84721565246582e-05,-0.23488713800907135,3.1781539916992188,0.30000001192092896,1.0,0.6531738042831421,0.0,0.14026299118995667,1.0,0.8800002336502075,114816,0.0003,108826,114816,0.04030361771583557,128.0,15.746804237365723,-0.20101825892925262,2.163524866104126,0.0,0.30000001192092896,1.0,0.9959593415260315,0.43811309337615967,1.0,1.190476417541504,114816,-0.0002734661102294922,114816,0.0003,71946,0.03250507265329361,128.0,13.7941312789917,0.0001339227501375717,2.079074988614593e-05,1.3952000131212117e-05,0.0001464442498217977,0.00010349824992772483,7.815999992999423e-06,0.47093767800015485,6.241527550244489e-05,7.15557676075372e-06,9.862241950665032e-05,1.3085512447678237e-05,1.041025947616574e-05,7.986147964272349e-05,8.364653177879392e-06,0.0001508476986008954,5.8426249771616936e-05,0.00016292439028779598,0.0005683564394775573,1.964674744842603e-06,0.00023987915249849235,0.1668570520000685,8.25000006443588e-06,0.1540500080000129,0.09667361399988295,0.03743563499983793,0.0015740439998808142,2.5267999717470957e-05,0.006360653000228922,0.007662917000288871
1,2050,48.33016216104865,False,2,e1a9a_00000,2025-04-28_19-16-50,1745893010,21.881853818893433,45.74437737464905,22224,bocchi,172.31.84.7,45.74437737464905,2,0.36547985474268596,0.4422850549221039,0.01474283516407013,23.134511617360193,1.247053992756264e-05,23.134376586109934,1.113800309820167,22.01054509282978,0.007557950360128417,0.0005534144999046475,10,0.0015773890000900792,60.0,18,0.002611814335357992,0.0,79.5354525215997,0.0033401960644147935,18.7,1.0,2050,132,1026,63.31219739687072,63.31219739687072,0.9458517441505082,90.63,53,0.6381615800900227,48.33016216104865,4,0,0,9.48333333333333,41.36333333333334,0.35666666666666674,0.16099440916245994,1408,1093,1316,1141,1375,42,975,1211,44,1199,1109,1463,34,23,1167,1161,1206,2,1302,990,1270,1054,1197,1049,1076,1.2,1.9,0.7,0.0,0.0,0.0,0.0,1.5,0.0,0.0,0.7,0.7,0.0,1.6,0.0,1.6,0.0,0.0,0.0,3.2,0.0,0.0,4.7,0.8,0.4,0.0003161535552889729,0,720,510,505,456,632,521,460,702,409,679,520,663,0,517,617,0,640,496,0,0,544,408,413,769,1.0,55.29,44.28,60.91,45.0,53.62,60.93,55.57,59.63,58.62,46.9,41.0,51.37,39.91,45.28,45.21,46.97,34.0,50.76,43.0,22.0,49.45,62.73,59.2,60.48,3566,3395,2252,1977,0.8,1.9,1.5,0.0,0.0012549594122332215,4945,7264,7099,4608,66250.0,128.0,7.526554668402241e-08,-0.15039373934268951,2.1438145637512207,0.0,0.30000001192092896,2.0,-0.14139193296432495,0.2099572718143463,1.0,7.526554668402241e-08,224512,0.04500874876976013,0.9269513487815857,109696,0.0003,1024.0002,0.0,898048,1024.0002,438784,341960.0,1797810,879282,41418.822668775,224512,0.036097459495067596,0.9163443446159363,109696,94938.0,128.0,9.633415487542152e-08,-0.15190398693084717,3.157956600189209,0.0,0.30000001192092896,2.0,-0.14468441903591156,0.20387400686740875,0.0003,1.0,9.633415487542152e-08,-0.00014197826385498047,-0.2502053380012512,3.1449503898620605,0.45000001788139343,2.0,1.2806603908538818,0.0,0.26860862970352173,1.0,1.5199999809265137,109696,0.0003,108826.0,224512,0.03621852770447731,128.0,10.747333526611328,0.03505370765924454,2.1511058807373047,0.0,0.30000001192092896,2.0,0.3630737066268921,0.29412102699279785,1.0,0.3225807249546051,224512,0.00010782480239868164,109696,0.0003,71946.0,0.01813085563480854,128.0,2.2529475688934326,0.0001339227501375717,2.079074988614593e-05,1.3952000131212117e-05,0.0001464442498217977,0.00010349824992772483,7.815999992999423e-06,0.47092145726425483,6.215584650594851e-05,7.150462945195806e-06,9.829490800184329e-05,1.3051721625647708e-05,1.0370630410477168e-05,7.974329044910246e-05,8.320087124872988e-06,0.0001490014151447324,5.7958750839143426e-05,0.00016149752311235872,0.0005642637958880103,1.956883045417073e-06,0.00023688166162860516,0.1668564718500685,8.249825864459126e-06,0.15403806319641292,0.09667237241098296,0.03743332111173795,0.0015739978848808276,2.5267641517484663e-05,0.0063605297102288655,0.007662962127688843
1,3076,45.883014855672336,False,3,e1a9a_00000,2025-04-28_19-17-12,1745893032,22.313300132751465,68.05767750740051,22224,bocchi,172.31.84.7,68.05767750740051,3,0.3726832588513692,0.41908445623185897,0.02095422281159295,23.12621769247659,1.2438054530730368e-05,23.126080709018837,1.1122287706119658,22.003821881971483,0.007550856766523658,0.0005534144999046475,10,0.0015773890000900792,60.0,28,0.002597632182249322,0.0,79.56545674300317,0.003301802404868207,16.8,2.0,3076,161,1026,64.10680310763692,64.10680310763692,0.945814818097594,95.26,53,0.6424665808400732,45.883014855672336,4,0,0,9.412903225806453,41.45806451612904,0.3638709677419356,0.16056016935352543,1952,1414,1905,1633,1865,42,1461,1945,76,1875,1576,2325,34,23,1659,1696,1771,2,1933,1732,1664,1501,1818,1525,1699,1.2,2.0,0.0,0.4,0.0,0.0,0.0,1.0,0.0,0.0,0.2,1.2,0.0,2.4,0.0,3.2,0.0,0.0,0.0,2.4,0.0,0.0,2.4,1.0,0.8,0.00031499134710021395,0,631,742,394,447,621,476,623,544,321,589,492,490,0,486,734,32,676,467,0,0,492,535,565,862,1.0,63.1,50.68,49.72,42.52,47.22,60.06,43.72,57.48,61.24,58.56,41.0,47.26,42.9,59.24,46.72,50.92,34.0,59.92,43.0,22.0,48.44,52.2,50.9,70.34,3765,3672,2319,1800,0.2,2.4,1.8,0.0,0.001240463567004433,7264,11029,10771,6408,66250.0,128.0,3.431963335742694e-08,-0.3038673400878906,2.1133017539978027,0.0,0.45000001788139343,3.0,-0.2958075702190399,0.27781248092651367,1.0,3.431963335742694e-08,340480,0.02686573565006256,0.9708589911460876,115968,0.0003,1024.0005959999999,0.0,1361920,1024.0005959999999,463872,341960.0,2727366,929556,41570.084355372244,340480,0.028341831639409065,-4.029273986816406e-05,115968,94938.0,128.0,5.497128963470459,-0.10709061473608017,3.133812189102173,0.0,0.45000001788139343,3.0,0.385282963514328,0.14076277613639832,0.0003,1.0,0.4838710129261017,2.5570392608642578e-05,-0.1814219057559967,3.100511074066162,0.675000011920929,3.0,1.1704190969467163,0.0,0.5520385503768921,1.0,1.3385826349258423,115968,0.0003,108826.0,340480,0.029462577775120735,128.0,8.68813419342041,-0.2876380980014801,2.123645305633545,0.0,0.45000001788139343,3.0,0.8405348658561707,0.31374260783195496,1.0,1.1200000047683716,340480,-1.7642974853515625e-05,115968,0.0003,71946.0,0.02724265865981579,128.0,7.499492168426514,0.0001339227501375717,2.079074988614593e-05,1.3952000131212117e-05,0.0001464442498217977,0.00010349824992772483,7.815999992999423e-06,0.47088900534967276,6.18530327765536e-05,7.1458486925499474e-06,9.792401763115423e-05,1.2999714007111396e-05,1.0319453232300268e-05,7.958506121402357e-05,8.265769818800472e-06,0.00014663044856532383,5.740026355180886e-05,0.00015981549838910348,0.0005586993294629703,1.9452222240851617e-06,0.00023325507443359842,0.1668547517675685,8.249594248489302e-06,0.15401473013708494,0.09667005146896099,0.037428785707099975,0.0015739021572808486,2.5267223781521353e-05,0.006360294959528776,0.007662780584440752
1,4102,45.709284383865175,False,4,e1a9a_00000,2025-04-28_19-17-35,1745893055,23.095169067382812,91.15284657478333,22224,bocchi,172.31.84.7,91.15284657478333,4,0.38570274114608766,0.4107390274604162,0.027382601830694412,23.118869052001823,1.243470398786985e-05,23.118730159338647,1.1107447011458482,21.997951588211766,0.007545773648857186,0.0005534144999046475,10,0.0015773890000900792,130.0,38,0.002581839885117751,0.0,79.6125140633986,0.0032638751165079416,23.9,3.0,4102,231,1026,64.9769439185037,64.9769439185037,0.9457614217259367,101.03,53,0.6719683745300381,45.709284383865175,4,0,0,9.49032258064516,41.441935483870985,0.3561290322580646,0.16041571457837586,2604,1811,2630,2167,2385,42,2030,2483,89,2459,2032,2886,68,23,2280,2366,2570,2,2436,2611,2224,1995,2236,2048,2194,1.2,1.3,0.0,0.4,0.0,0.8,0.4,0.4,0.0,0.0,0.0,2.8,0.0,3.6,0.0,3.3,0.0,0.0,0.0,2.0,0.4,0.0,1.6,1.6,2.5,0.000313835034883537,0,503,879,560,494,418,523,495,652,397,725,534,520,0,569,538,13,584,456,34,0,621,670,799,561,1.0,66.03,73.69,47.18,43.63,52.59,57.69,35.04,66.93,57.81,57.3,41.0,49.57,53.31,68.22,48.1,49.75,34.0,62.64,43.2,22.0,56.0,53.63,56.76,74.62,3675,3550,2358,2078,0.8,7.2,3.2,0.0,0.001225589438109108,9622,14704,14321,8486,66250.0,128.0,2.1781922043828672e-08,0.06471585482358932,2.114064931869507,0.0,0.22500000894069672,4.0,0.06658432632684708,0.060035161674022675,1.0,2.1781922043828672e-08,454144,0.004152114503085613,0.9778841733932495,113664,0.0003,1024.0011840599998,0.0,1816576,1024.0011840599998,454656,341960.0,3638454,911088,40589.91341357377,454144,0.016263553872704506,3.820657730102539e-05,113664,94938.0,128.0,0.4538422226905823,0.0969775840640068,3.1173388957977295,0.0,0.45000001788139343,4.0,0.18559704720973969,0.0968693196773529,0.0003,1.0,0.08130086213350296,-1.621246337890625e-05,0.030254459008574486,3.1033413410186768,0.675000011920929,4.0,0.7680476903915405,0.0,0.2441641092300415,1.0080645084381104,0.725806474685669,113664,0.0003,108826.0,454144,0.01775810495018959,128.0,11.195777893066406,0.013397864066064358,2.1129841804504395,0.0,0.45000001788139343,4.0,0.3373878300189972,0.3380802273750305,1.0,0.31746038794517517,454144,-0.00012612342834472656,113664,0.0003,71946.0,0.014510126784443855,128.0,2.0936970710754395,0.0001339227501375717,2.079074988614593e-05,1.3952000131212117e-05,0.0001464442498217977,0.00010349824992772483,7.815999992999423e-06,0.47084078566085596,6.153120130964707e-05,7.13487075896965e-06,9.754919702691423e-05,1.295050793328757e-05,1.0265124077376063e-05,7.946521318740401e-05,8.214463719198448e-06,0.00014422473028917135,5.67955272756064e-05,0.00015804577298113287,0.0005530630165898765,1.9351060851476017e-06,0.00022949887495958985,0.16685144956683345,8.24934458227156e-06,0.1539801917199239,0.09666694082413838,0.03742218005074361,0.0015737746144443747,2.5266608736135353e-05,0.006359950208171687,0.007662633797844859
1,5128,50.464845902991705,False,5,e1a9a_00000,2025-04-28_19-17-55,1745893075,20.283182382583618,111.43602895736694,22224,bocchi,172.31.84.7,111.43602895736694,5,0.33885023593902586,0.3963612691561381,0.033030105763011505,23.090437839871804,1.2420756944620136e-05,23.09029704097526,1.1092589944943883,21.971008152389643,0.007535327772365572,0.0005534144999046475,10,0.0015773890000900792,130.0,48,0.0025622724395630075,0.0,79.68234669379089,0.003225673327672737,25.9,4.0,5128,231,1026,65.87734589666074,65.87734589666074,0.9456742844203917,103.69,53,0.6785429774699742,50.464845902991705,4,0,0,9.564285714285715,40.87500000000001,0.36500000000000005,0.15971398329727587,3266,2261,3103,2708,2901,42,2565,2877,128,2982,2499,3646,102,23,2929,2737,3157,2,2897,3177,2684,2519,2773,2542,2839,0.0,1.7,0.0,0.4,0.0,2.4,0.4,0.1,0.4,0.4,0.8,2.9,0.0,1.3,0.0,3.7,0.0,0.0,0.0,2.0,0.8,0.4,1.6,2.4,3.3,0.00031251297698029097,0,461,566,460,524,537,494,645,662,450,473,541,516,0,535,394,39,523,467,34,0,649,371,587,760,1.0,55.93,73.47,50.05,47.68,60.85,62.27,36.6,63.67,50.84,51.95,41.0,49.62,57.53,63.82,48.08,51.87,33.857142857142854,58.04,43.285714285714285,22.0,60.1,57.12,65.41,78.78,3354,3028,2339,2026,1.6,7.8,3.0,0.4,0.001210475258365041,11961,18058,17349,10512,66250.0,128.0,0.6758414506912231,0.032588452100753784,2.097628116607666,0.0,0.22500000894069672,5.0,0.11612985283136368,0.09264873713254929,1.0,0.07936513423919678,557952,0.01856110617518425,-7.271766662597656e-05,103808,0.0003,1024.0019602991997,0.0,2231808,1024.0019602991997,415232,341960.0,4470540,832086,40926.852501240755,557952,0.019176414236426353,-3.814697265625e-06,103808,94938.0,128.0,3.7101991176605225,-0.11071319878101349,3.1112818717956543,0.0,0.45000001788139343,5.0,0.44909727573394775,0.12670262157917023,0.0003,1.0,0.5511810779571533,8.940696716308594e-07,-0.15569056570529938,3.0749382972717285,0.675000011920929,5.0,1.0376225709915161,0.0,0.3038880527019501,1.0,1.1811023950576782,103808,0.0003,108826.0,557952,0.018090136349201202,128.0,12.786214828491211,-0.0038877022452652454,2.071758508682251,0.0,0.45000001788139343,5.0,0.6348574757575989,0.2032085806131363,1.0,0.6299212574958801,557952,3.343820571899414e-05,103808,0.0003,71946.0,0.01960870809853077,128.0,2.8147621154785156,0.0001339227501375717,2.079074988614593e-05,1.3952000131212117e-05,0.0001464442498217977,0.00010349824992772483,7.815999992999423e-06,0.47076514233338046,6.11739566074318e-05,7.124804444190034e-06,9.710350969639873e-05,1.2898131838991256e-05,1.020793459805e-05,7.930124105981967e-05,8.1594825790807e-06,0.00014184062262163327,5.6139261414366295e-05,0.00015617344114615204,0.0005474254986977369,1.9234000712714817e-06,0.0002256535292901469,0.16683666528473634,8.248929949938596e-06,0.1539340805134923,0.0966622516778653,0.03741330699274363,0.001573599465448917,2.5265590869276002e-05,0.0063594527240457945,0.007662179295222421
1,6154,47.33876288931637,False,6,e1a9a_00000,2025-04-28_19-18-17,1745893097,21.625281810760498,133.06131076812744,22224,bocchi,172.31.84.7,133.06131076812744,6,0.36122647921244305,0.3905054708321889,0.039050547083218895,23.075708457443085,1.242883937677602e-05,23.07556602755551,1.1097265531294414,21.955813881845746,0.007524084314642256,0.0005534144999046475,10,0.0015773890000900792,130.0,58,0.0025497286979698397,0.0,79.7694699864611,0.0031999648747414976,28.6,5.0,6154,231,1026,67.17750702625031,67.17750702625031,0.9456096049606292,107.24,58,0.7234405926099725,47.33876288931637,4,0,0,9.616666666666665,40.70000000000001,0.3736666666666667,0.1596129837702871,3800,2666,3616,3171,3552,42,2945,3452,155,3648,2912,4341,136,23,3438,3389,3574,2,3352,3916,3093,2938,3403,2990,3325,0.0,1.3,0.0,0.1,0.0,2.0,1.6,0.8,0.8,0.4,0.8,2.3,0.0,1.7,0.0,4.0,0.0,0.0,0.0,3.2,0.8,0.4,1.0,2.0,4.1,0.0003128780235885526,0,455,739,409,419,630,448,486,534,405,513,463,651,0,380,575,27,666,413,34,0,509,652,417,695,1.0,47.39,77.87,52.98,50.51,65.7,63.06,38.12,63.74,60.92,51.34,41.0,51.37,59.67,59.04,45.52,51.86,33.81818181818182,53.12,41.36363636363637,22.0,61.92,65.39,69.62,73.4,3383,3200,2207,1738,2.0,8.1,2.5,0.4,0.0012003312293626875,14168,21441,20549,12250,66250.0,128.0,6.469065727543466e-09,0.053361017256975174,2.087658405303955,0.0,0.22500000894069672,6.0,0.05571187660098076,0.05451618507504463,1.0,6.469065727543466e-09,662528,0.010448235087096691,0.9908406138420105,104576,0.0003,1024.0029208952096,0.0,2650112,1024.0029208952096,418304,341960.0,5308782,838242,38675.82140848864,662528,0.017218736931681633,0.9887765049934387,104576,94938.0,128.0,1.0716191489734683e-08,-0.09389656782150269,3.0768449306488037,0.0,0.45000001788139343,6.0,-0.08614812791347504,0.15916262567043304,0.0003,1.0,1.0716191489734683e-08,8.463859558105469e-06,-0.14532622694969177,3.074289083480835,0.675000011920929,6.0,1.1475995779037476,0.0,0.20896801352500916,1.0,1.2799999713897705,104576,0.0003,108826.0,662528,0.019149314612150192,128.0,18.811803817749023,-0.027139758691191673,2.0645577907562256,0.0,0.675000011920929,6.0,0.7218093872070312,0.3026488423347473,1.0,0.7377049326896667,662528,3.254413604736328e-05,104576,0.0003,71946.0,0.024987226352095604,128.0,13.754638671875,0.0001339227501375717,2.079074988614593e-05,1.3952000131212117e-05,0.0001464442498217977,0.00010349824992772483,7.815999992999423e-06,0.47066653814498843,6.111850767709098e-05,7.141937194981514e-06,9.707375739644085e-05,1.2944019683712539e-05,1.0202899977715722e-05,7.97076817816253e-05,8.138291139937481e-06,0.00014002633758303639,5.5622185137094935e-05,0.00015483183810663227,0.0005446099281053052,1.92364630339132e-06,0.00022236168189706116,0.1668105387009245,8.248332775818464e-06,0.15388033524611736,0.0966558109166353,0.037402300142998585,0.001573398773471915,2.526406959888998e-05,0.006358808469381603,0.007661812577372617
1,7180,41.46781135924715,False,7,e1a9a_00000,2025-04-28_19-18-42,1745893122,24.69319772720337,157.7545084953308,22224,bocchi,172.31.84.7,157.7545084953308,7,0.4123700618743896,0.3936289838382176,0.04592338144779205,23.091805003338653,1.2452450983237388e-05,23.091660495899955,1.109214335738148,21.97241807049729,0.007518987241494883,0.0005534144999046475,10,0.0015773890000900792,60.0,68,0.002545187882066763,0.0,79.86627721802786,0.003173619049399267,23.5,6.0,7180,195,1026,68.01505462599157,68.01505462599157,0.9455596124020902,103.98,53,0.7320272185899648,41.46781135924715,4,0,0,9.141176470588235,40.79705882352941,0.3573529411764706,0.16339071046102854,4509,3457,4085,3963,4119,42,3494,3980,155,4213,3440,5122,136,23,3991,3967,4067,2,3910,4532,3580,3414,3981,3716,3933,0.8,0.4,0.0,0.0,0.0,1.2,1.6,1.3,0.8,0.4,1.0,1.6,0.0,2.0,0.0,4.4,0.0,0.0,0.0,3.2,0.4,0.4,1.2,0.8,2.0,0.0003128279922696156,0,558,616,487,476,578,726,608,709,791,469,792,567,0,549,528,0,565,528,0,0,553,578,493,781,1.0,51.71,72.09,51.61,48.07,60.19,57.26,46.92,50.14,61.74,59.65,41.0,52.87,50.84,57.9,48.66,54.77,33.800000000000004,48.67,40.46666666666667,22.0,58.5,53.28,54.74,75.96,3953,3570,2191,2283,0.8,5.2,2.5,0.4,0.001190402534539515,16359,25394,24119,14533,66250.0,128.0,6.127542018890381,-0.026739152148365974,2.067361831665039,0.0,0.3375000059604645,7.0,0.4728090763092041,0.1561984419822693,1.0,0.49180328845977783,784512,0.03442191332578659,4.470348358154297e-06,121984,0.0003,1024.0040620832694,0.0,3138048,1024.0040620832694,487936,341960.0,6286560,977778,39518.882329523054,784512,0.014993448741734028,0.9897849559783936,121984,94938.0,128.0,1.3529844800075352e-08,-0.23536112904548645,3.078984498977661,0.0,0.45000001788139343,7.0,-0.22861407697200775,0.2215508371591568,0.0003,1.0,1.3529844800075352e-08,3.874301910400391e-06,-0.22553592920303345,3.0508720874786377,0.675000011920929,7.0,1.157897710800171,0.0,0.20102523267269135,1.0,1.3709677457809448,121984,0.0003,108826.0,784512,0.018468070775270462,128.0,11.801716804504395,-0.08047289401292801,2.0303080081939697,0.0,1.0125000476837158,7.0,0.8156810998916626,0.5380188822746277,1.0,0.8825098276138306,784512,-0.002734065055847168,121984,0.0003,71946.0,0.020213603973388672,128.0,7.015967845916748,0.0001339227501375717,2.079074988614593e-05,1.3952000131212117e-05,0.0001464442498217977,0.00010349824992772483,7.815999992999423e-06,0.4705561017119309,6.105128698548016e-05,7.145079946953828e-06,9.702305323263185e-05,1.2953318244792194e-05,1.0201591134894216e-05,7.987672514784415e-05,8.119308011968578e-06,0.00013816471471897194,5.5271548451075747e-05,0.00015389332351033297,0.0005410231184542486,1.9242433652883484e-06,0.00021955827775782487,0.16678464436386045,8.247680152178428e-06,0.15381678286703854,0.09664932718146209,0.03738941581664919,0.0015731847871879165,2.52623277948155e-05,0.006358134754838289,0.0076611627320502555
1,8207,38.98777594842062,False,8,e1a9a_00000,2025-04-28_19-19-08,1745893148,26.29183268547058,184.0463411808014,22224,bocchi,172.31.84.7,184.0463411808014,8,0.4390216628710429,0.39930306871732074,0.05324040916230943,23.123732175655267,1.2463866472786676e-05,23.123586458430957,1.108605665960769,22.004956812122316,0.007511820859078202,0.0005534144999046475,10,0.0015773890000900792,100.0,78,0.0025411738852532347,0.0,79.99507858774643,0.003145494469709157,31.5,7.0,8207,234,1027,68.8555698297813,68.8555698297813,0.9455148071550495,108.09,53,0.7668578163999882,38.98777594842062,4,0,0,9.152777777777779,40.92777777777779,0.3616666666666667,0.16988727858293076,5135,3964,4521,4478,4520,52,4052,4622,219,4877,3918,5957,195,23,4476,4648,4520,2,4515,5229,3992,3905,4412,4467,4637,1.6,0.0,0.0,0.0,0.0,0.8,3.4,0.8,1.2,0.1,2.4,2.5,0.0,4.1,0.0,3.5,0.0,0.0,0.0,4.6,0.4,0.4,3.6,0.0,2.1,0.00031240079084112425,0,605,697,412,491,431,751,704,626,507,436,515,401,10,558,642,64,664,478,59,0,485,681,453,835,1.0,53.83,71.9,44.58,49.03,57.59,71.11,64.14,49.61,50.71,58.09,37.44444444444444,66.6,49.82,60.12,51.78,63.76,33.78947368421052,64.99,40.7,22.0,53.17,63.32,50.96,83.57,4290,3665,1804,1955,0.0,8.1,2.1,1.2,0.0011799128917002854,18163,29684,27784,16488,66250.0,128.0,2.081787347793579,-0.13312740623950958,2.056137800216675,0.0,0.3375000059604645,8.0,0.12099349498748779,0.11083156615495682,1.0,0.24793387949466705,916352,0.018331876024603844,-4.398822784423828e-05,131840,0.0003,1024.0054801554786,0.0,3665408,1024.0054801554786,527360,341960.0,7344370,1057810,40157.30025227025,916352,0.01210869662463665,2.5331974029541016e-05,131840,94938.0,128.0,2.9511654376983643,-0.3622973561286926,3.05780029296875,0.0,0.45000001788139343,8.0,0.04965557903051376,0.07412128895521164,0.0003,1.0,0.4065040647983551,-6.9141387939453125e-06,-0.25256145000457764,3.005394458770752,1.0125000476837158,8.0,1.8273494243621826,0.0,0.24448055028915405,1.0079364776611328,2.0634920597076416,131840,0.0003,108826.0,916352,0.024324242025613785,128.0,23.464622497558594,-0.2025298923254013,2.0179543495178223,0.0,1.5187500715255737,8.0,1.916641116142273,0.7507944703102112,1.0,2.0967941284179688,916352,0.0005379915237426758,131840,0.0003,71946.0,0.02210056409239769,128.0,21.07655143737793,0.0001339227501375717,2.079074988614593e-05,1.3952000131212117e-05,0.0001464442498217977,0.00010349824992772483,7.815999992999423e-06,0.47043291203942,6.089309117731898e-05,7.149903397047519e-06,9.693501567841516e-05,1.2935116175725955e-05,1.0188260354010003e-05,7.986047556350126e-05,8.086278725708585e-06,0.0001362358552430895,5.4932266443415124e-05,0.00015288578063997487,0.0005370159675702009,1.919354890551729e-06,0.00021681001634254573,0.16675815186786755,8.247068247722079e-06,0.15374369200571666,0.09664243276300068,0.03737464591491249,0.0015729498804522134,2.5260318519897793e-05,0.006357376629938903,0.007660310309876566
1,9234,38.71459424943433,False,9,e1a9a_00000,2025-04-28_19-19-35,1745893175,26.476957321166992,210.52329850196838,22224,bocchi,172.31.84.7,210.52329850196838,9,0.44212422768274945,0.40406097526903506,0.060609146290355256,23.157190499198716,1.2418537810606381e-05,23.15704350355665,1.107664717051161,22.039353286801095,0.007504946870488781,0.0005534144999046475,8,0.0015773890000900792,100.0,86,0.0025370816862670354,0.0,80.12515377412255,0.0031204635751165546,29.6,8.0,9234,234,1027,69.74789872428772,69.74789872428772,0.9454784308405956,102.92,53,0.7366129334600237,38.71459424943433,4,0,0,9.197297297297297,40.79459459459459,0.38243243243243247,0.17024914509037617,5950,4354,5026,4953,5162,56,4475,5319,278,5779,4319,6768,220,23,5035,5196,5061,2,5157,5929,4478,4416,4952,5177,5277,1.6,1.6,0.4,0.0,0.0,0.6,3.0,0.4,0.8,0.0,3.2,2.0,0.0,3.2,0.0,2.4,0.0,0.0,0.0,3.1,0.4,0.1,3.6,0.0,2.8,0.0003119261131818576,0,642,700,486,511,540,710,640,815,390,505,475,642,4,423,697,59,902,401,25,0,559,548,541,811,1.0,57.15,67.47,44.12,48.45,68.15,70.57,60.77,47.59,49.15,50.92,32.5,71.44,52.18,72.04,47.14,60.87,35.875,62.53,40.88,22.0,53.2,58.12,49.72,79.11,4311,3637,2282,1898,0.0,8.0,2.9,1.3,0.0011700309870984532,20445,33995,31421,18386,66250.0,128.0,3.8071124031091585e-09,-0.28449276089668274,2.0392515659332275,0.0,0.5062500238418579,9.0,-0.27633845806121826,0.27276962995529175,1.0,3.8071124031091585e-09,1048704,0.024160880595445633,0.9977225661277771,132352,0.0003,1024.0071694600351,0.0,4194816,1024.0071694600351,529408,341960.0,8406288,1061918,40030.97355064798,1048704,0.017486395314335823,0.9973198771476746,132352,94938.0,128.0,3.527108161094361e-09,-0.20792928338050842,3.032463312149048,0.0,0.45000001788139343,9.0,-0.2000603973865509,0.1532309204339981,0.0003,1.0,3.527108161094361e-09,-3.2186508178710938e-06,-0.2847840487957001,3.010712146759033,1.0125000476837158,9.0,2.474949598312378,0.0,0.426622599363327,1.0,2.7419354915618896,132352,0.0003,108826.0,1048704,0.017578566446900368,128.0,28.660400390625,-0.15837277472019196,2.0006327629089355,0.0,1.5187500715255737,9.0,1.717605710029602,0.7322285771369934,1.0,1.8548502922058105,1048704,6.467103958129883e-05,132352,0.0003,71946.0,0.013911711983382702,128.0,13.09178352355957,0.0001339227501375717,2.079074988614593e-05,1.3952000131212117e-05,0.0001464442498217977,0.00010349824992772483,7.815999992999423e-06,0.4702979974647882,6.076084017263884e-05,7.148703097928715e-06,9.677816206892663e-05,1.2911248187142708e-05,1.0175690346457549e-05,7.985010376506542e-05,8.05426551223787e-06,0.00013438611684624217,5.4607977293903465e-05,0.00015187759091677883,0.0005333965865345154,1.9156525158585936e-06,0.00021417754400513772,0.1667311886004581,8.246276913329137e-06,0.15366216177543454,0.09663512431489034,0.03735788424192888,0.0015726808407725103,2.52581140977098e-05,0.006356534259462019,0.007659178414773152
1,10260,33.55734345750491,False,10,e1a9a_00000,2025-04-28_19-20-05,1745893205,30.52553391456604,241.04883241653442,22224,bocchi,172.31.84.7,241.04883241653442,10,0.5095971584320068,0.41461459358533226,0.06910243226422204,23.23078103410673,1.2375982433250328e-05,23.23063283231108,1.1087623197006495,22.111826873923082,0.0075115093017839914,0.0005534144999046475,10,0.0015773890000900792,160.0,96,0.0025413051077963268,0.0,80.27295310411094,0.003095807358990429,40.9,9.0,10260,245,1026,70.49393978466765,70.49393978466765,0.945468638553601,102.95,53,0.7399561928400317,33.55734345750491,4,0,0,8.747619047619045,41.08333333333333,0.3273809523809524,0.190284271989206,6770,4800,5758,5335,5644,95,5205,6082,492,6636,4749,7485,220,41,5722,5918,5604,17,5914,6822,4951,4902,5549,5794,5874,1.5,2.8,0.4,0.4,0.0,3.2,2.8,0.4,0.2,0.0,2.9,2.6,0.0,4.1,0.0,4.3,0.0,0.0,0.0,4.8,0.4,0.0,4.6,0.0,5.1,0.00031162843748094756,15,757,893,473,486,597,617,597,820,446,732,382,482,39,730,763,214,857,430,0,18,687,722,543,717,1.0,61.58,74.39,46.01,53.27,64.51,77.75,46.38,53.76,54.22,55.63,29.533333333333335,74.47,59.64,82.29,44.45,47.61,37.76,68.12,39.4,22.0,55.03,63.91,50.41,84.19,4778,4480,2309,1771,0.4,12.3,5.8,0.6,0.001161228305542531,22754,38773,35901,20157,66250.0,128.0,6.831676557794708e-09,-0.20530857145786285,2.005979537963867,0.0,0.5062500238418579,10.0,-0.1952226161956787,0.30904021859169006,1.0,6.831676557794708e-09,1195392,0.019922861829400063,0.998284637928009,146688,0.0003,1024.0090244304852,0.0,4781568,1024.0090244304852,586752,341960.0,9582084,1175796,38456.73785661027,1195392,0.021762458607554436,-9.298324584960938e-06,146688,94938.0,128.0,3.4998843669891357,-0.1803780198097229,3.041452646255493,0.0,0.675000011920929,10.0,0.4694150686264038,0.39953938126564026,0.0003,1.0,0.6399999856948853,3.814697265625e-06,-0.21339751780033112,2.9862606525421143,1.0125000476837158,10.0,1.4416874647140503,0.0,0.45461755990982056,1.0,1.6393442153930664,146688,0.0003,108826.0,1195392,0.015546254813671112,128.0,36.06367492675781,-0.13676054775714874,1.9695165157318115,0.0,1.5187500715255737,10.0,1.8212792873382568,0.7226726412773132,1.0,1.9317954778671265,1195392,-0.0037828683853149414,146688,0.0003,71946.0,0.017280282452702522,128.0,28.981393814086914,0.0001339227501375717,2.079074988614593e-05,1.3952000131212117e-05,0.0001464442498217977,0.00010349824992772483,7.815999992999423e-06,0.47014662906464505,6.068730194686468e-05,7.14523326135718e-06,9.680272537382947e-05,1.2887094846526245e-05,1.0177973939010782e-05,7.978212856756387e-05,8.033414427825139e-06,0.00013256709865678334,5.446181040124037e-05,0.0001512918024910301,0.0005296206782254381,1.910639045110016e-06,0.00021211660336416902,0.16669527725981004,8.245311798767633e-06,0.15357397381565752,0.09662846380486595,0.037339613639513464,0.0015724140432983597,2.5255098932129644e-05,0.006355714590631692,0.007658047911940818
1,11287,32.17083489236999,False,11,e1a9a_00000,2025-04-28_19-20-37,1745893237,31.814377307891846,272.86320972442627,22224,bocchi,172.31.84.7,272.86320972442627,11,0.5320485830307007,0.42529041080763846,0.07796990864806705,23.31653070888566,1.2360202608401912e-05,23.316381202267966,1.109365124463645,22.19697295670385,0.007506280038764536,0.0005534144999046475,9,0.0015773890000900792,190.0,105,0.0025505224434621346,0.0,80.44270822329692,0.00308164032042294,55.7,10.0,11287,257,1027,71.17336344700065,71.17336344700065,0.9455251234182823,105.38,53,0.7918905831900065,32.17083489236999,4,0,0,9.036363636363635,41.29090909090908,0.3140909090909091,0.20225459282616107,7519,5299,6400,5734,6085,253,5776,6924,690,7256,5189,8287,220,161,6276,6789,6175,116,6621,7613,5319,5265,5924,6505,6459,3.2,4.4,0.4,0.4,0.47619047619047616,3.2,2.5,1.2,0.0,0.0,4.6,3.9,3.6,4.0,0.0,5.2,0.0,0.0,0.0,4.0,0.4,0.0,5.8,0.4,6.1,0.000312775751280378,99,707,791,368,363,375,711,585,749,499,642,399,441,158,571,842,198,620,440,0,120,554,871,571,802,9.461538461538462,73.32,78.24,50.31,50.39,65.51,79.11,48.37,70.0,52.4,53.23,32.857142857142854,70.2,63.82,83.83,48.49,40.61,39.77333333333333,72.85,49.54,26.928571428571434,64.9,77.41,53.24,77.41,4392,5039,1941,1570,0.8,14.0,11.6,0.4,0.0011559932781818386,24695,43165,40940,21727,66250.0,128.0,3.421435579298304e-08,-0.27186304330825806,1.9902758598327637,0.0,0.7593750357627869,11.0,-0.26064884662628174,0.2557985186576843,1.0,3.421435579298304e-08,1349888,0.022151343524456024,0.999163806438446,154496,0.0003,1024.0111415845802,0.0,5399552,1024.0111415845802,617984,341960.0,10821673,1239589,38830.21625726423,1349888,0.011693257838487625,0.9992417693138123,154496,94938.0,128.0,1.3090095674073154e-09,-0.23277166485786438,3.035693407058716,0.0,0.675000011920929,11.0,-0.2248787134885788,0.17030782997608185,0.0003,1.0,1.3090095674073154e-09,-2.9802322387695312e-06,0.02167227678000927,2.9881553649902344,1.0125000476837158,11.0,1.3986347913742065,0.0,0.45165807008743286,1.0,1.3600000143051147,154496,0.0003,108826.0,1349888,0.016753068193793297,128.0,15.729950904846191,-0.37490713596343994,1.8935697078704834,0.0,1.5187500715255737,11.0,2.0306003093719482,0.5721490383148193,1.0,2.377117395401001,1349888,-0.0011087656021118164,154496,0.0003,71946.0,0.01869294047355652,128.0,28.606245040893555,0.0001339227501375717,2.079074988614593e-05,1.3952000131212117e-05,0.0001464442498217977,0.00010349824992772483,7.815999992999423e-06,0.46999009289915833,6.0924743969856574e-05,7.156362109306365e-06,9.71370535152027e-05,1.2959844403820353e-05,1.0230502152897807e-05,8.021541226738885e-05,8.030143409330934e-06,0.00013115255538103808,5.4365877531443295e-05,0.00015125644327655368,0.0005276777540208093,1.9156145952532243e-06,0.00021049585053640554,0.1666607419465149,8.244197858820912e-06,0.15347987681429848,0.09662243698501058,0.03732024653032216,0.001572144249389623,2.5252205858416727e-05,0.006354854976552031,0.007656797924823628
1,12312,35.09636762231034,False,12,e1a9a_00000,2025-04-28_19-21-06,1745893266,29.149088144302368,302.01229786872864,22224,bocchi,172.31.84.7,302.01229786872864,12,0.4867470661799113,0.4304117987553278,0.08608235975106557,23.374772192326805,1.2361690582755815e-05,23.374620512305285,1.1093173019990106,22.25525952678681,0.007494692078375779,0.0005534144999046475,9,0.0015773890000900792,190.0,114,0.002554529219812341,0.0,80.64890549808071,0.0030607850404361487,60.1,11.0,12312,285,1025,71.6690612286156,71.6690612286156,0.9455974082340739,114.06,53,0.8731195906999801,35.09636762231034,4,0,0,8.84390243902439,41.392682926829266,0.3685365853658537,0.20469574749484673,8057,5815,7051,6209,6653,337,6328,7839,916,7849,5558,8957,220,188,6747,7551,6726,135,7429,8535,5804,5749,6445,7059,7121,3.0,4.2,0.1,0.5,0.8,2.9,2.4,2.9,0.0,0.0,4.9,5.2,7.6,5.7,0.0,4.8,0.0,0.0,0.0,4.0,0.0,0.0,6.2,0.8,5.2,0.0003129170905642136,19,808,922,485,484,521,554,662,538,516,651,475,568,84,552,915,226,593,369,0,27,471,762,551,670,14.941176470588237,79.53,94.63,51.52,49.03,65.73,78.69,54.57,69.88,58.09,51.33,32.32,72.9,67.86,78.31,46.17,47.83,41.78666666666667,90.91,59.8,29.31578947368421,62.77,89.37,61.23,82.24,4136,4858,2135,1813,0.9,13.8,12.5,0.1,0.0011482471698361658,26830,47301,45798,23540,66250.0,128.0,2.170735236006749e-08,-0.09489228576421738,2.014648914337158,0.0,0.7593750357627869,12.0,-0.08209124207496643,0.6797070503234863,1.0,2.170735236006749e-08,1498368,0.016857318580150604,0.9988892078399658,148480,0.0003,1024.0133154931502,0.0,5993472,1024.0133154931502,593920,341960.0,12010673,1189000,40711.75310333419,1498368,0.010995196178555489,-5.9604644775390625e-06,148480,94938.0,128.0,1.9466211795806885,-0.15855790674686432,3.0044236183166504,0.0,0.675000011920929,12.0,0.0832388624548912,0.11419568955898285,0.0003,1.0,0.234375,2.86102294921875e-06,-0.011658836156129837,2.97991681098938,1.0125000476837158,12.0,1.0432130098342896,0.0,0.3043617308139801,1.0080000162124634,1.0399999618530273,148480,0.0003,108826.0,1498368,0.014688218012452126,128.0,10.513344764709473,-0.1673334240913391,1.9368467330932617,0.0,1.5187500715255737,12.0,2.400083303451538,1.1122677326202393,1.0,2.5397047996520996,1498368,-0.0006761550903320312,148480,0.0003,71946.0,0.018246343359351158,128.0,19.053010940551758,0.0001339227501375717,2.079074988614593e-05,1.3952000131212117e-05,0.0001464442498217977,0.00010349824992772483,7.815999992999423e-06,0.4698237265818748,6.096064620331835e-05,7.151976477482056e-06,9.724692984146807e-05,1.2959204481099251e-05,1.0248773668820665e-05,8.03185502224058e-05,8.011737278841774e-06,0.00012952976836451687,5.4199286059158986e-05,0.00015077853774499958,0.0005244598639660421,1.9134763499314013e-06,0.00020859714296605762,0.16662629132515963,8.24291756649861e-06,0.15337749904718503,0.09661676180377181,0.0372991620380507,0.0015718518571547243,2.5248937736255494e-05,0.006353984848194931,0.007655324330457579
1,13339,30.903497578241105,False,13,e1a9a_00000,2025-04-28_19-21-40,1745893300,33.17651128768921,335.18880915641785,22224,bocchi,172.31.84.7,335.18880915641785,13,0.5538839936256409,0.4399096598991981,0.09531375964482626,23.472702459653537,1.2345873678315916e-05,23.47254895912223,1.1093868931290194,22.353110630848942,0.007490769147591069,0.0005534144999046475,11,0.0015773890000900792,190.0,125,0.0025614966354212823,10.0,80.86076051292436,0.0030407249402817004,66.2,12.0,13339,285,1027,71.78331474458395,71.78331474458395,0.9457125930396935,114.32,53,0.8821100897300039,30.903497578241105,4,0,0,8.76,41.211111111111116,0.3724444444444444,0.21153087625974779,8627,6570,7840,6612,7230,525,6967,8625,1152,8447,6008,9665,220,297,7269,8170,7320,181,8281,9410,6336,6290,6982,7608,7922,4.3,4.4,0.0,0.4,1.2,2.3,5.2,6.9,0.0,0.4,2.4,7.7,6.8,4.2,0.0,3.0,0.0,0.43478260869565216,0.0,6.5,0.0,0.0,5.4,0.4,5.4,0.0003131457798182974,46,852,875,532,541,537,549,801,570,755,789,403,577,188,639,786,236,598,450,0,109,522,619,594,708,18.652173913043477,89.37,97.6,52.52,48.54,82.06,70.99,63.79,75.16,57.21,53.1,36.82,66.8,68.84,65.71,43.52,46.56,43.8,102.16,60.64,30.24,62.17,80.4,63.56,79.68,3751,5486,2293,1926,0.8,11.4,17.0,0.0,0.0011412518362286937,29123,51052,51284,25466,66250.0,128.0,1.585861930664123e-08,-0.17111711204051971,1.9751793146133423,0.0,0.7593750357627869,13.0,-0.15742777287960052,0.32406488060951233,1.0,1.585861930664123e-08,1666560,0.018027087673544884,0.9992716312408447,168192,0.0003,1024.0157448093903,0.0,6666240,1024.0157448093903,672768,341960.0,13360151,1349478,40607.251379478505,1666560,0.009982545860111713,2.0384788513183594e-05,168192,94938.0,128.0,2.4739255905151367,-0.186316579580307,3.0276970863342285,0.0,0.675000011920929,13.0,0.14300225675106049,0.08613503724336624,0.0003,1.0,0.32258063554763794,-2.9802322387695312e-06,-0.06387439370155334,2.9663591384887695,1.0125000476837158,13.0,1.0148370265960693,0.0,0.2274823635816574,1.0081967115402222,1.065573811531067,168192,0.0003,108826.0,1666560,0.012975461781024933,128.0,9.931558609008789,-0.24338211119174957,1.8581641912460327,0.0,1.5187500715255737,13.0,1.8478556871414185,0.5725206732749939,1.0079364776611328,2.063502550125122,1666560,-0.00022995471954345703,168192,0.0003,71946.0,0.018261993303894997,128.0,24.787315368652344,0.0001339227501375717,2.079074988614593e-05,1.3952000131212117e-05,0.0001464442498217977,0.00010349824992772483,7.815999992999423e-06,0.4696594031810471,6.100020313025304e-05,7.14799048416099e-06,9.742865066709287e-05,1.2953068104073929e-05,1.0268155395528404e-05,8.042029381076561e-05,8.002522424008553e-06,0.0001279948648357616,5.4121579802194855e-05,0.0001504457237480369,0.0005213638345372941,1.9120859444749103e-06,0.00020696992611040577,0.16659342469583682,8.241607360245425e-06,0.15327561573053242,0.09661237958185931,0.03727662493727161,0.0015715779461395827,2.524583405593821e-05,0.0063531591501073586,0.007653918501686345
1,14365,33.17369651992511,False,14,e1a9a_00000,2025-04-28_19-22-11,1745893331,31.277766227722168,366.46657538414,22224,bocchi,172.31.84.7,366.46657538414,14,0.5222172339757284,0.44578877233323594,0.10401738021108839,23.546609483847007,1.2341204944931075e-05,23.546454002071005,1.1107631758077294,22.425646597760455,0.00748126062611343,0.0005534144999046475,2,0.0015773890000900792,190.0,127,0.002567093902309749,10.0,81.06743705186561,0.0030255290501476836,66.0,13.0,14365,285,1026,73.91211946541429,73.91211946541429,0.9458776962778942,116.74,53,0.9032718686300132,33.17369651992511,4,0,0,8.999999999999998,41.36046511627907,0.34139534883720923,0.21579888132756198,9243,7060,8629,6820,7452,632,7322,9460,1427,9052,6419,10490,220,385,7669,8649,7581,235,8932,10421,6552,6423,7371,8172,8536,4.0,4.4,0.0,0.4,1.5,2.3,5.2,6.5,0.0,0.8,2.1,7.4,5.2,4.2,0.0,3.2,0.0,0.8,0.0,7.3,0.0,0.0,5.3,0.4,4.8,0.0003144087769978954,54,651,1011,216,133,389,564,614,616,490,789,208,222,107,355,835,275,605,411,0,88,400,479,261,825,24.0,89.1,101.72,52.43,49.35,81.62,68.96,63.0,78.37,60.1,54.02,37.13,64.38,70.73,69.29,41.83,47.88,43.8,100.86,51.6,30.16,61.68,78.86,65.04,80.46,4048,5087,1518,968,1.2,11.0,17.3,0.0,0.0011366364153368486,30641,55100,56371,26434,66250.0,128.0,2.692875623703003,-0.09432099014520645,1.974094033241272,0.0,0.7593750357627869,14.0,0.2366422861814499,0.17780055105686188,1.0,0.3174603283405304,1820928,0.017781704664230347,3.159046173095703e-06,154368,0.0003,1024.0183242077565,0.0,7283712,1024.0183242077565,617472,341960.0,14597507,1237356,40007.4241675851,1820928,0.01043733861297369,-6.67572021484375e-06,154368,94938.0,128.0,6.557312965393066,-0.24279406666755676,3.003082513809204,0.0,0.675000011920929,14.0,0.954727292060852,0.11445347219705582,0.0003,1.0,1.1904761791229248,-0.00038611888885498047,0.021960102021694183,2.952871561050415,1.0125000476837158,14.0,1.9287315607070923,0.0,0.43334028124809265,1.0078740119934082,1.8902692794799805,154368,0.0003,108826.0,1820928,0.016298558562994003,128.0,18.907995223999023,-0.2925684154033661,1.8807263374328613,0.0,2.278125047683716,14.0,4.2545928955078125,0.9784822463989258,1.0,4.516526699066162,1820928,0.0016170740127563477,154368,0.0003,71946.0,0.020171212032437325,128.0,47.159332275390625,0.0001339227501375717,2.079074988614593e-05,1.3952000131212117e-05,0.0001464442498217977,0.00010349824992772483,7.815999992999423e-06,0.46948146434597765,6.115396567374571e-05,7.168533548389764e-06,9.783382347129787e-05,1.304982299994684e-05,1.0303765184977471e-05,8.090460909031143e-05,7.997639462678537e-06,0.0001268320197634002,5.400834271823388e-05,0.00015019361356583737,0.0005198991507960652,1.9198668060565535e-06,0.00020536449922258838,0.16656174546866795,8.24027756635863e-06,0.15316192043290816,0.0966075256963047,0.037252012744004304,0.0015712305547590272,2.524286505545078e-05,0.00635226979479671,0.007652214243357505
1,15390,26.405423344209094,False,15,e1a9a_00000,2025-04-28_19-22-50,1745893370,38.75802564620972,405.22460103034973,22224,bocchi,172.31.84.7,405.22460103034973,15,0.6469458500544231,0.4591992441813151,0.11479981104532877,23.69863763737854,1.2337322895601757e-05,23.69848039190029,1.113420386619651,22.57500264560285,0.007481389619853079,0.0005534144999046475,9,0.0015773890000900792,210.0,136,0.00257811431272013,10.0,81.32085865796421,0.003007522588586433,78.1,14.0,15390,285,1025,75.5748738618766,75.5748738618766,0.9461184555566274,126.18,65,1.0037019716000213,26.405423344209094,4,0,0,8.62962962962963,42.01481481481481,0.36685185185185176,0.2314528337163086,9899,7826,9570,7113,7838,900,7918,10146,1788,9679,6844,11299,254,527,8248,9422,7989,354,9902,11381,6846,6736,7748,9147,9446,7.2,6.1,0.0,0.5,2.0,3.2,6.9,6.0,0.0,0.8,2.8,6.7,4.8,3.9,0.8,5.8,0.0,1.6,0.0,10.8,0.4,0.0,3.9,0.4,6.5,0.0003152231483970987,119,970,960,294,313,377,975,910,656,766,941,293,386,268,596,686,361,627,425,34,142,579,773,408,809,33.01333333333333,98.87,112.11,48.0,48.34,92.97,77.12,71.81,93.74,55.0,59.41,37.04,77.92,77.68,73.15,55.03,45.17,43.80000000000001,101.1,54.18666666666667,29.98,61.51,81.59,60.1,94.62,4944,6503,1854,1359,2.0,15.0,23.8,0.4,0.001134451639820205,32495,60044,62874,27793,66250.0,128.0,1.174496054649353,-0.02945009432733059,2.004500389099121,0.0,0.7593750357627869,15.0,0.14255455136299133,0.10363217443227768,1.0,0.16260161995887756,2019456,0.0123825678601861,8.821487426757812e-06,198528,0.0003,1024.020950443674,0.0,8077824,1024.020950443674,794112,341960.0,16187282,1589775,40954.83095443628,2019456,0.013878528960049152,2.9802322387695312e-06,198528,94938.0,128.0,3.9332518577575684,-0.19838972389698029,3.0012569427490234,0.0,0.675000011920929,15.0,0.5309783220291138,0.09680173546075821,0.0003,1.0,0.7200000286102295,0.0020546317100524902,-0.08945044875144958,2.9457316398620605,1.0125000476837158,15.0,2.024871826171875,0.0,0.3910721242427826,1.0,2.0972213745117188,198528,0.0003,108826.0,2019456,0.016889648512005806,128.0,14.385200500488281,-0.3114222288131714,1.856853723526001,0.0,2.278125047683716,15.0,3.487396240234375,1.0429736375808716,1.0,3.7607336044311523,2019456,0.0016303658485412598,198528,0.0003,71946.0,0.016717536374926567,128.0,45.69593811035156,0.0001339227501375717,2.079074988614593e-05,1.3952000131212117e-05,0.0001464442498217977,0.00010349824992772483,7.815999992999423e-06,0.46930213966329154,6.131205568297409e-05,7.1667513832262375e-06,9.817385341428788e-05,1.3109237380795958e-05,1.034561772044503e-05,8.118768030612362e-05,7.989837242940256e-06,0.00012552767558887017,5.398791755577775e-05,0.00015317588889626136,0.0005175740890031683,1.9223358139428485e-06,0.00020406064750976897,0.1665318352349729,8.238798407625257e-06,0.15304505656196335,0.09660413264350298,0.03722608714960862,0.0015708735435114687,2.5239647051595267e-05,0.0063514290063772525,0.007650346425745083
1,16416,30.703815045903937,False,16,e1a9a_00000,2025-04-28_19-23-23,1745893403,33.35902976989746,438.5836308002472,22224,bocchi,172.31.84.7,438.5836308002472,16,0.5569350997606913,0.4653077351550261,0.12408206270800697,23.795152062734754,1.2353859664970322e-05,23.794991880801287,1.114175424553454,22.670755667396822,0.007478143653653767,0.0005534144999046475,4,0.0015773890000900792,250.0,140,0.002587027857386817,10.0,81.59247445511811,0.002986328641380927,88.3,15.0,16416,296,1026,77.56722857476579,77.56722857476579,0.9463994949762358,134.0,65,1.077278298650026,30.703815045903937,4,0,0,8.728260869565219,41.97391304347828,0.36999999999999994,0.23083444843284262,10602,8426,10278,7409,8351,1253,8614,10882,2201,10428,7170,12128,348,783,8829,10177,8311,482,10578,12112,7227,7040,8165,9964,10215,9.1,8.1,0.0,0.5,2.2,3.6,7.3,5.7,0.4,0.8,2.4,7.1,5.066666666666666,4.1,0.8,8.4,0.0,2.3,0.4,11.4,0.4,0.0,3.7,1.2,6.0,0.000315422793609929,128,676,731,381,304,417,817,769,703,600,708,296,513,353,696,736,413,749,326,94,256,581,755,322,829,36.85,106.44,119.62,47.1,46.75,99.09,82.29,77.33,106.43,55.25,57.85,42.44,88.14,74.1,81.3,57.81,45.5,45.54666666666667,106.79,60.02666666666667,37.30666666666667,64.33,80.78,67.82,99.32,5246,5629,2029,1401,2.8,16.5,31.2,0.4,0.001128927731471609,34524,65290,68503,29194,66250.0,128.0,2.2584011554718018,-0.058469049632549286,1.9993007183074951,0.0,0.7593750357627869,16.0,0.3485223948955536,0.17335397005081177,1.0,0.3937007784843445,2190976,0.017502063885331154,-6.794929504394531e-06,171520,0.0003,1024.0237223224528,0.0,8763904,1024.0237223224528,686080,341960.0,17562122,1374840,41143.10418924453,2190976,0.013450639322400093,-2.0265579223632812e-06,171520,94938.0,128.0,18.906291961669922,-0.18415263295173645,3.003066062927246,0.0,0.675000011920929,16.0,0.612328052520752,0.1203869879245758,0.0003,1.0,0.787401556968689,-0.0016120672225952148,0.0556403324007988,2.932875156402588,1.0125000476837158,16.0,2.200117826461792,0.0,0.4154835343360901,1.0,2.1270997524261475,171520,0.0003,108826.0,2190976,0.0171631071716547,128.0,14.916967391967773,-0.10988178849220276,1.8497992753982544,0.0,2.278125047683716,16.0,2.1682932376861572,0.8325672149658203,1.0,2.240048408508301,2190976,-0.0005158185958862305,171520,0.0003,71946.0,0.01673588529229164,128.0,33.09686279296875,0.0001339227501375717,2.079074988614593e-05,1.3952000131212117e-05,0.0001464442498217977,0.00010349824992772483,7.815999992999423e-06,0.4691170344753246,6.13442335295614e-05,7.159370566482599e-06,9.842746631245563e-05,1.310349050032672e-05,1.0366341099440922e-05,8.12141681082603e-05,7.97593496145559e-06,0.00012416297288378624,5.3914835805367203e-05,0.00015362613473978077,0.0005147601369614624,1.9247364228372944e-06,0.0002026322729915535,0.16650288015330486,8.23716420432374e-06,0.15292146505749418,0.09660212934848769,0.03719872564612642,0.0015704784752333418,2.5235963821316843e-05,0.006350600397646688,0.0076485531517605935
1,17442,27.502405801227127,False,17,e1a9a_00000,2025-04-28_19-24-00,1745893440,37.25203609466553,475.8356668949127,22224,bocchi,172.31.84.7,475.8356668949127,17,0.6217625498771667,0.47451095955044614,0.1344447718726264,23.929633586747407,1.2332171068967282e-05,23.929470963013273,1.1154439986079172,22.803956339212853,0.007475324197114697,0.0005534144999046475,8,0.0015773890000900792,460.0,148,0.002596858973723885,10.0,81.9134269267648,0.002964992096122846,106.8,16.0,17442,478,1026,78.6315032919824,78.6315032919824,0.9467143576403377,146.88,67,1.1752743900100222,27.502405801227127,4,0,0,8.68235294117647,42.21764705882353,0.3654901960784313,0.2289257992726483,11309,9178,10850,7856,8875,1466,9471,11472,2444,11044,7648,12901,382,952,9471,10990,8861,700,11250,12891,7562,7390,8647,10763,10931,10.4,8.9,0.4,0.4,2.4,6.8,7.5,4.9,0.4,0.4,6.8,7.9,4.8,4.9,0.8,13.2,0.0,2.4,0.8,11.2,1.6,0.0,3.3,0.8,7.8,0.00031532590654772283,218,672,779,335,350,482,799,716,707,752,572,447,524,213,857,590,243,616,478,34,169,642,813,550,773,47.48,112.2,126.26,49.91,46.68,110.13,95.23,92.02,110.83,58.99,58.49,47.53,108.22,87.9,96.84,62.19,48.63,46.64,106.88,64.96,44.92,78.38,90.96,54.09,111.49,5917,5395,2243,1644,3.6,29.4,36.8,0.8,0.0011221490394607112,36767,71207,73898,30838,66250.0,128.0,1.5650571584701538,0.03758950158953667,1.9962009191513062,0.0,0.7593750357627869,17.0,0.2888830006122589,0.15989950299263,1.0,0.2380952388048172,2371840,0.017380475997924805,-2.7418136596679688e-06,180864,0.0003,1024.0266366686114,0.0,9487360,1024.0266366686114,723456,341960.0,19011860,1449738,38860.86536012541,2371840,0.01326449029147625,7.152557373046875e-07,180864,94938.0,128.0,15.187525749206543,-0.2595532238483429,3.0096259117126465,0.0,0.675000011920929,17.0,0.9590777158737183,0.12773582339286804,0.0003,1.0,1.2096774578094482,-7.987022399902344e-06,-0.09262831509113312,2.8949122428894043,1.0125000476837158,17.0,2.345794916152954,0.0,0.3649969696998596,1.0,2.4193592071533203,180864,0.0003,108826.0,2371840,0.018828701227903366,128.0,29.601402282714844,-0.23034003376960754,1.8329066038131714,0.0,2.278125047683716,17.0,2.0129382610321045,1.4526827335357666,1.0,2.2047464847564697,2371840,0.0010567307472229004,180864,0.0003,71946.0,0.016913898289203644,128.0,34.632266998291016,0.0001339227501375717,2.079074988614593e-05,1.3952000131212117e-05,0.0001464442498217977,0.00010349824992772483,7.815999992999423e-06,0.46893936199545067,6.136418522539077e-05,7.14115056625877e-06,9.864747140950662e-05,1.306650378560696e-05,1.0386037646751912e-05,8.110047251575132e-05,7.952336027199616e-06,0.00012269348945094145,5.3880845378654035e-05,0.00015357244050668827,0.0005111917868370516,1.9198005851786335e-06,0.00020138877117997883,0.16648643744664668,8.235370505251797e-06,0.1527916740475582,0.09660204821650838,0.037170219466998895,0.001570070535566439,2.5231888390955994e-05,0.006349929831590108,0.007646968127913217
1,18469,28.555996094459143,False,18,e1a9a_00000,2025-04-28_19-24-37,1745893477,36.31025242805481,512.1459193229675,22224,bocchi,172.31.84.7,512.1459193229675,18,0.6061997294425965,0.4818270023222323,0.14454810069666968,24.04927613852993,1.2311029355434392e-05,24.049111866863143,1.117480393121839,22.921555723600726,0.007470284445145509,0.0005534144999046475,7,0.0015773890000900792,460.0,155,0.0026111442676179687,20.0,82.23395788385741,0.0029514844204328074,112.0,17.0,18469,478,1027,79.94890794828405,79.94890794828405,0.9471024693525195,142.13,65,1.1433907737600613,28.555996094459143,4,0,0,8.84,42.434,0.35480000000000006,0.22784562774792377,12123,9743,11591,8476,9186,1521,10037,12094,2732,11646,8061,13730,439,1026,10013,11713,9341,712,11995,13785,7843,7776,9138,11614,11580,9.5,10.0,0.4,0.5,2.4,9.6,7.2,5.0,1.2,0.1,9.3,6.6,4.8,5.9,1.2,12.8,0.0,1.9,0.8,8.2,1.3,0.4,5.2,0.8,8.4,0.0003159325826125663,12,745,894,281,386,491,851,649,814,565,741,620,311,55,566,622,288,602,413,57,74,542,723,480,829,49.83,108.25,124.21,49.19,47.37,108.45,92.39,94.66,108.78,53.87,60.29,45.56,114.98,100.04,100.14,63.61,57.57,47.96,97.1,67.97,47.06,77.11,99.99,52.88,111.64,5888,4818,2060,1757,3.1,31.8,33.0,1.6,0.0011179210286322097,38827,77095,78716,32595,66250.0,128.0,5.777593612670898,-0.09545088559389114,2.018707036972046,0.0,0.7593750357627869,18.0,0.9672720432281494,0.22077816724777222,1.0,1.048387050628662,2551424,0.018878445029258728,-5.960464477539062e-07,179584,0.0003,1024.0297903556148,0.0,10205696,1024.0297903556148,718336,341960.0,20452741,1440881,40064.11121537908,2551424,0.0118060652166605,-1.3113021850585938e-06,179584,94938.0,128.0,25.09856605529785,-0.16255921125411987,3.004990816116333,0.0,0.675000011920929,18.0,0.805409848690033,0.11902123689651489,0.0003,1.0,0.9599999785423279,0.00013595819473266602,-0.0748848244547844,2.908778667449951,1.0125000476837158,18.0,2.0064809322357178,0.0,0.7249976396560669,1.0,2.063493013381958,179584,0.0003,108826.0,2551424,0.0176521185785532,128.0,17.94754409790039,-0.20251242816448212,1.8152869939804077,0.0,2.278125047683716,18.0,2.11452054977417,0.7167035937309265,1.0,2.2842659950256348,2551424,0.0011853575706481934,179584,0.0003,71946.0,0.01438338402658701,128.0,41.98762130737305,0.0001339227501375717,2.079074988614593e-05,1.3952000131212117e-05,0.0001464442498217977,0.00010349824992772483,7.815999992999423e-06,0.4687658367965266,6.149369281987775e-05,7.138347944735767e-06,9.908810299290065e-05,1.3062931219282774e-05,1.0423973123609702e-05,8.118993257941533e-05,7.939032910872385e-06,0.00012152093829068854,5.390834153478125e-05,0.00015360278223640946,0.0005092317602739142,1.9207369336296154e-06,0.0002004783861931386,0.1664721677639063,8.233395463738817e-06,0.15266338794461523,0.09660343478253382,0.0371403436056893,0.00156963421674534,2.5227891372813127e-05,0.006349333874414916,0.007645712059227633
1,19494,30.909323950644783,False,19,e1a9a_00000,2025-04-28_19-25-10,1745893510,33.10162162780762,545.2475409507751,22224,bocchi,172.31.84.7,545.2475409507751,19,0.5526963035265605,0.4855569655435127,0.1537597057554457,24.13971218195463,1.2316269059674477e-05,24.13954531172451,1.1206305827106198,23.00883752880472,0.00745888381069049,0.0005534144999046475,5,0.0015773890000900792,660.0,160,0.0026258807870874284,20.0,82.60508743876366,0.0029454523026808195,129.6,18.0,19494,512,1025,81.3519308863756,81.3519308863756,0.947577865130314,152.35,65,1.2346909356200286,30.909323950644783,4,0,0,8.919565217391305,42.7804347826087,0.36347826086956525,0.22721303002626672,12763,10397,12423,8819,9705,1754,10672,12724,3018,12126,8543,14491,439,1207,10657,12299,9878,809,12793,14710,8102,8218,9665,12146,12284,11.0,10.1,0.1,1.7,3.2,8.5,8.3,6.9,1.2,1.2,9.3,9.8,4.1,6.0,0.6,13.2,0.0,2.8,3.6,9.5,2.8,0.8,6.2,0.4,6.7,0.0003176471865911331,97,798,925,259,442,527,532,704,640,654,832,343,519,233,635,630,286,480,482,0,181,644,586,537,761,53.2,118.36,129.32,46.11,54.13,120.32,103.45,112.15,119.68,63.95,71.86,62.18666666666667,114.0,100.58,98.46,64.66,61.05,49.68,109.71,81.3,57.44,78.89,115.3,51.33,121.53,4190,5541,2372,1526,7.3,32.0,42.4,1.4,0.0011160873312096482,41199,81285,84257,34121,66250.0,128.0,7.296454551664056e-10,-0.05586201325058937,1.9837024211883545,0.0,0.7593750357627869,19.0,-0.04906133562326431,0.17211908102035522,1.0,7.296454551664056e-10,2720000,0.008955623023211956,0.9998877644538879,168576,0.0003,1024.0329783052111,0.0,10880000,1024.0329783052111,674304,341960.0,21802666,1349925,40707.58715440879,2720000,0.01507852878421545,-8.344650268554688e-07,168576,94938.0,128.0,14.634428977966309,-0.21945008635520935,3.017205238342285,0.0,0.675000011920929,19.0,1.1022032499313354,0.38454073667526245,0.0003,1.0,1.311475396156311,-6.9141387939453125e-06,-0.25346195697784424,2.850992202758789,1.0125000476837158,19.0,1.9244556427001953,0.0,0.4363589286804199,1.0,2.1600000858306885,168576,0.0003,108826.0,2720000,0.017696024850010872,128.0,47.437110900878906,-0.2257491648197174,1.7804248332977295,0.0,2.278125047683716,19.0,3.6540136337280273,1.174368143081665,1.0,3.840031147003174,2720000,-0.00012004375457763672,168576,0.0003,71946.0,0.017440592870116234,128.0,57.363643646240234,0.0001339227501375717,2.079074988614593e-05,1.3952000131212117e-05,0.0001464442498217977,0.00010349824992772483,7.815999992999423e-06,0.4685939553109816,6.182308955611988e-05,7.148613515803914e-06,9.971399025893193e-05,1.3139692131005956e-05,1.0494582991277264e-05,8.173230736506527e-05,7.952729849580521e-06,0.00012067922083380292,5.396053859828026e-05,0.00015384678544878817,0.0005086667712031225,1.9287385275649815e-06,0.00019974514178433192,0.16646013060127607,8.231300986025743e-06,0.1525351563518264,0.09660537218981707,0.037108994662459205,0.0015691669100471027,2.522373190622073e-05,0.0063487430115000704,0.007644767631502961
1,20520,23.843225614121216,False,20,e1a9a_00000,2025-04-28_19-25-53,1745893553,43.39988374710083,588.647424697876,22224,bocchi,172.31.84.7,588.647424697876,20,0.7242993871370952,0.49749408662319183,0.16583136220773062,24.327958852505084,1.2309836366976534e-05,24.327790282677267,1.1221868995735111,23.19551643653667,0.00745621131258623,0.0005534144999046475,8,0.0015773890000900792,660.0,168,0.002642835353635843,10.0,82.98289809197975,0.0029306254158516995,129.2,19.0,20520,512,1026,82.04516855313469,82.04516855313469,0.9480913969103011,146.81,52,1.2007918361899965,23.843225614121216,4,0,0,8.62542372881356,42.9864406779661,0.3622033898305085,0.23755447547603084,13465,11173,13149,9294,10188,2114,11272,13542,3446,12823,8963,15232,439,1447,11266,12982,10207,1021,13738,15596,8546,8629,10044,12838,13210,12.4,11.5,0.0,2.0,3.2,8.4,8.9,6.8,0.9,1.2,7.3,12.2,4.4,4.8,0.4,12.8,0.0,3.6,4.3,11.7,2.4,0.8,6.2,0.4,5.1,0.00031797371815282414,212,945,886,444,411,379,692,926,702,776,726,475,483,360,600,818,428,697,420,0,240,609,683,329,741,58.17333333333333,123.07,131.52,46.56,59.18,124.02,97.69,112.08,122.54,70.63,72.62,66.25333333333333,98.23,89.23,81.5,61.73,60.6,49.76,116.84,80.53,55.29,76.08,103.57,55.61,111.63,4842,7319,1912,1750,7.2,26.4,40.0,0.9,0.0011119556060280454,43111,86127,91576,35871,66250.0,128.0,4.17461221147164e-09,-0.05800817906856537,1.9767709970474243,0.0,0.7593750357627869,20.0,-0.04990636929869652,0.14260439574718475,1.0,4.17461221147164e-09,2942848,0.010669050738215446,0.9998793601989746,222848,0.0003,1024.03629951678,0.0,11771392,1024.03629951678,891392,341960.0,23588932,1786266,41511.05250464107,2942848,0.01001821830868721,2.1457672119140625e-06,222848,94938.0,128.0,2.3422088623046875,-0.0714484304189682,3.012547254562378,0.0,0.675000011920929,20.0,0.25789451599121094,0.10671533644199371,0.0003,1.0,0.32258063554763794,4.8279762268066406e-05,-0.1747308224439621,2.9017176628112793,1.0125000476837158,20.0,2.539076805114746,0.0,0.263407438993454,1.0,2.6984310150146484,222848,0.0003,108826.0,2942848,0.015187067911028862,128.0,40.641563415527344,-0.10183452814817429,1.8125081062316895,0.0,2.278125047683716,20.0,1.9211493730545044,1.3321456909179688,1.0,1.9846101999282837,2942848,-0.00020599365234375,222848,0.0003,71946.0,0.01684444211423397,128.0,22.970882415771484,0.0001339227501375717,2.079074988614593e-05,1.3952000131212117e-05,0.0001464442498217977,0.00010349824992772483,7.815999992999423e-06,0.46842982576656783,6.195823303507544e-05,7.131955579988606e-06,0.00010004768194031278,1.312440228827766e-05,1.0532764904429961e-05,8.172594375526267e-05,7.9526606617997e-06,0.00011947780166196967,5.407354576680864e-05,0.00015408165998171623,0.0005062176412454659,1.928228443494619e-06,0.0001991669824844445,0.16645962575482207,8.22905355831323e-06,0.15240202450449888,0.09660946925627642,0.03707656273643314,0.0015686855657611237,2.52191312397893e-05,0.006348239150956081,0.007643803931026831
